app,input,Aperture,core-trail,share-trail,uwrmaxsat20,uwrmaxsat20scip
ipamiradaboost,anneal-un.csv,timeout,timeout,timeout,timeout,timeout
ipamiradaboost,audiology-un.csv,timeout,timeout,timeout,timeout,timeout
ipamiradaboost,australian-credit-un.csv,timeout,timeout,timeout,timeout,timeout
ipamiradaboost,breast-cancer-un.csv,timeout,timeout,timeout,timeout,timeout
ipamiradaboost,car-un.csv,timeout,timeout,timeout,timeout,timeout
ipamiradaboost,heart-cleveland-un.csv,timeout,timeout,timeout,timeout,timeout
ipamiradaboost,hypothyroid-un.csv,timeout,timeout,timeout,timeout,timeout
ipamiradaboost,kr-vs-kp-un.csv,timeout,timeout,timeout,timeout,timeout
ipamiradaboost,lymph-un.csv,timeout,timeout,timeout,timeout,timeout
ipamiradaboost,mushroom-un.csv,timeout,timeout,timeout,timeout,timeout
ipamiradaboost,primary-tumor-un.csv,1067.2,timeout,timeout,timeout,timeout
ipamiradaboost,soybean-un.csv,timeout,timeout,timeout,timeout,timeout
ipamiradaboost,splice-1-un.csv,timeout,timeout,timeout,timeout,timeout
ipamiradaboost,tic-tac-toe-un.csv,timeout,timeout,timeout,timeout,timeout
ipamiradaboost,vote-un.csv,timeout,timeout,timeout,timeout,timeout
ipamirextenf,A-1-BA_120_30_3_121_20_3.apx,timeout,224.607,timeout,timeout,timeout
ipamirextenf,B-1-grd_156_3_6_156_10_2.apx,timeout,19.2474,18.0684,84.4937,1433.77
ipamirextenf,T-2-stb_265_466_265_2_3.apx,timeout,16.8516,15.2685,16.8976,26.7655
ipamirextenf,A-1-grd_418_2_9_418_10_0.apx,timeout,1463.25,1788.58,timeout,timeout
ipamirextenf,Small-result-b19_11_20_3.apx,74.6489,0.011444,0.022406,0.126108,0.288482
ipamirextenf,T-1-BA_80_30_3_81_7_0.apx,timeout,495.274,memout,timeout,timeout
ipamirextenf,Small-result-b90_85_2_1.apx,timeout,2128.41,timeout,timeout,timeout
ipamirextenf,T-1-grd_156_3_6_156_2_2.apx,timeout,24.3214,11.8546,timeout,timeout
ipamirextenf,Small-result-b31_16_2_4.apx,timeout,timeout,25.6771,timeout,timeout
ipamirextenf,A-1-stb_437_137_437_5_0.apx,timeout,554.386,timeout,timeout,timeout
ipamirextenf,Small-result-b5_47_2_1.apx,timeout,1243.9,memout,timeout,timeout
ipamirextenf,B-3-stb_390_450_390_10_4.apx,timeout,411.85,timeout,timeout,timeout
ipamirextenf,Small-result-b27_191_5_1.apx,timeout,62.8814,44.7912,70.4959,77.775
ipamirextenf,Small-result-b54_47_2_1.apx,timeout,2646.39,timeout,timeout,timeout
ipamirextenf,A-1-ferry2.pfile-L2-C1-08.pddl.1.cnf_86_2_4.apx,timeout,720.397,memout,timeout,timeout
ipamirextenf,T-1-stb_218_401_218_2_0.apx,timeout,10.1456,6.75795,9.1627,543.222
ipamirextenf,C-1-BA_120_20_5_121_30_1.apx,timeout,166.104,timeout,timeout,timeout
ipamirextenf,Small-result-b91_99_2_4.apx,timeout,2003.46,memout,timeout,timeout
ipamirextenf,T-1-caravan-airport-transportation_20151216_1604.gml.20_19_2_1.apx,timeout,1.13386,0.216788,245.216,571.406
ipamirextenf,A-1-caravan-or-us.gml.80_19_10_1.apx,timeout,timeout,229.157,timeout,timeout
ipamirextenf,B-1-stb_138_162_138_5_0.apx,timeout,5.63653,14.762,timeout,timeout
ipamirextenf,B-2-WS_200_20_90_50_200_7_2.apx,timeout,399.059,2234.44,timeout,timeout
ipamirextenf,B-1-afinput_exp_cycles_indvary1_step8_batch_yyy08_41_30_4.apx,timeout,0.132632,0.388374,0.11496,0.174983
ipamirextenf,T-1-BA_100_10_3_101_20_0.apx,timeout,248.125,timeout,timeout,timeout
ipamirextenf,Small-result-b24_95_5_4.apx,timeout,3.6127,2.52953,2.91238,3.45925
ipamirextenf,Small-result-b56_46_10_0.apx,timeout,3539.26,timeout,timeout,timeout
ipamirextenf,C-1-stb_463_93_463_2_3.apx,timeout,668.437,118.156,1636,1240.85
ipamirextenf,Small-result-b93_103_2_4.apx,1087.29,0.741474,0.635366,0.880234,1.23086
ipamirextenf,T-1-BA_80_30_3_81_2_1.apx,timeout,1409.2,memout,timeout,timeout
ipamirextenf,T-1-BA_80_30_3_81_10_3.apx,timeout,409.044,memout,timeout,timeout
ipamirextenf,B-3-stb_339_393_339_7_3.apx,timeout,302.947,timeout,timeout,213.659
ipamirextenf,Small-result-b59_67_5_1.apx,timeout,3174.38,timeout,timeout,timeout
ipamirextenf,B-2-BA_140_30_5_141_20_2.apx,timeout,181.963,timeout,timeout,timeout
ipamirextenf,Small-result-b83_12_10_2.apx,30.3455,0.013112,0.022978,0.029104,0.128876
ipamirextenf,Small-result-b6_95_5_1.apx,timeout,812.467,memout,timeout,timeout
ipamirextenf,T-1-BA_20_60_3_21_30_1.apx,timeout,1.4139,0.198928,timeout,timeout
ipamirextenf,B-3-WS_300_16_90_30_300_10_0.apx,timeout,209.414,timeout,timeout,timeout
ipamirextenf,Small-result-b21_23_2_1.apx,timeout,3354.86,9.97978,timeout,timeout
ipamirextenf,A-1-ferry2.pfile-L2-C1-05.pddl.3.cnf_205_10_3.apx,timeout,246.832,timeout,timeout,timeout
ipamirextenf,Small-result-b52_48_5_1.apx,timeout,9.97513,1.2809,timeout,timeout
ipamirextenf,Small-result-b63_32_2_2.apx,timeout,timeout,timeout,timeout,timeout
ipamirextenf,Small-result-b83_12_5_1.apx,75.0757,0.014533,0.015183,0.123992,0.37479
ipamirextenf,A-2-stb_422_250_422_7_1.apx,timeout,440.583,timeout,timeout,timeout
ipamirextenf,B-3-stb_327_100_327_5_4.apx,timeout,112.28,88.9448,49.1312,62.9481
ipamirextenf,Small-result-b25_95_2_1.apx,timeout,memout,memout,timeout,timeout
ipamirextenf,B-1-BA_100_20_1_101_20_1.apx,timeout,246.574,timeout,timeout,timeout
ipamirextenf,Small-result-b43_12_10_0.apx,4.02031,0.010034,0.009635,0.011604,0.01324
ipamirextenf,Small-result-b38_14_7_0.apx,14.1225,0.023818,0.012815,0.030604,0.084048
ipamirextenf,Small-result-b102_99_2_0.apx,timeout,995.217,memout,timeout,timeout
ipamirextenf,Small-result-b78_25_2_2.apx,timeout,1933.23,timeout,timeout,timeout
ipamirextenf,A-1-BA_40_80_5_41_30_1.apx,timeout,842.029,timeout,timeout,timeout
ipamirextenf,Small-result-b53_49_7_4.apx,timeout,timeout,timeout,timeout,timeout
ipamirextenf,Small-result-b83_12_7_3.apx,811.406,0.037117,0.038203,0.421144,2.97236
ipamirextenf,T-1-caravan-airport-transportation_20151216_1604.gml.20_19_20_4.apx,timeout,0.11975,0.064988,0.895735,2.00239
ipamirextenf,B-1-BA_40_80_4_41_10_3.apx,timeout,3507.07,timeout,timeout,timeout
ipamirextenf,B-3-stb_428_430_428_5_0.apx,timeout,543.73,330.625,192.765,220.379
ipamirextenf,A-1-BA_180_10_2_181_5_1.apx,timeout,451.854,timeout,timeout,timeout
ipamirextenf,Small-result-b36_19_5_0.apx,timeout,timeout,92.9152,timeout,timeout
ipamirextenf,Small-result-b102_99_10_2.apx,timeout,2.99472,2.41532,2.22374,2.83252
ipamirextenf,Small-result-b98_85_2_0.apx,timeout,2541.98,timeout,timeout,timeout
ipamirextenf,Small-result-b85_24_2_2.apx,timeout,57.2664,2.26664,timeout,timeout
ipamirextenf,Small-result-b64_32_2_4.apx,timeout,1277.09,timeout,timeout,timeout
ipamirextenf,Small-result-b87_24_10_1.apx,15.5409,0.025681,0.021467,0.025135,0.092518
ipamirextenf,Small-result-b59_67_5_0.apx,timeout,2838.39,timeout,timeout,timeout
ipamirextenf,Small-result-b49_55_2_3.apx,timeout,timeout,timeout,timeout,timeout
ipamirextenf,B-1-afinput_exp_cycles_indvary1_step8_batch_yyy08_41_30_3.apx,timeout,0.085217,0.064602,0.085817,0.172935
ipamirextenf,B-3-WS_300_16_90_30_300_7_0.apx,timeout,258.761,54.7793,54.8434,67.2509
ipamirextenf,A-1-BA_180_10_2_181_30_3.apx,timeout,146.279,timeout,timeout,timeout
ipamirextenf,T-1-BA_40_50_2_41_2_3.apx,timeout,memout,memout,timeout,timeout
ipamirextenf,Small-result-b76_43_2_4.apx,timeout,memout,timeout,timeout,timeout
ipamirextenf,A-1-BA_60_70_3_61_2_2.apx,timeout,memout,memout,timeout,timeout
ipamirextenf,C-1-afinput_exp_acyclic_indvary1_step5_batch_yyy07_26_2_2.apx,timeout,0.026186,0.022453,0.050425,0.044165
ipamirextenf,Medium-result-b1_438_2_4.apx,timeout,358.649,302.786,1322.38,1224.36
ipamirextenf,Small-result-b86_24_5_1.apx,99.4811,0.074113,0.041149,0.314722,1.86292
ipamirextenf,B-2-WS_200_20_90_50_200_5_3.apx,timeout,611.129,timeout,3.16277,6.45406
ipamirextenf,Small-result-b29_16_10_2.apx,timeout,timeout,75.7777,timeout,timeout
ipamirextenf,Small-result-b30_16_5_0.apx,timeout,timeout,34.8599,timeout,timeout
ipamirextenf,B-3-WS_300_16_90_30_300_7_1.apx,timeout,259.82,12.6926,timeout,timeout
ipamirextenf,A-1-ferry2.pfile-L2-C1-05.pddl.3.cnf_205_2_3.apx,timeout,716.455,memout,timeout,timeout
ipamirextenf,Small-result-b42_13_20_4.apx,timeout,2.85973,0.137675,62.6732,3413.79
ipamirextenf,A-1-BA_40_80_5_41_10_1.apx,timeout,1471.2,timeout,timeout,timeout
ipamirextenf,Small-result-b63_32_2_3.apx,timeout,timeout,timeout,timeout,timeout
ipamirextenf,Small-result-b30_16_2_0.apx,timeout,timeout,38.6959,timeout,timeout
ipamirextenf,Small-result-b14_14_5_3.apx,timeout,0.485553,0.159073,51.1652,108.944
ipamirextenf,A-1-ferry2.pfile-L2-C1-05.pddl.3.cnf_205_10_1.apx,timeout,207.116,timeout,timeout,timeout
ipamirextenf,B-1-stb_199_128_199_10_1.apx,timeout,238.773,timeout,timeout,timeout
ipamirextenf,Small-result-b56_46_10_4.apx,timeout,memout,1345.8,timeout,timeout
ipamirextenf,Small-result-b26_191_5_2.apx,timeout,63.3387,42.6327,60.1841,73.6987
ipamirextenf,B-1-grd_156_3_6_156_7_3.apx,timeout,17.6764,15.588,timeout,timeout
ipamirextenf,T-1-BA_40_50_2_41_2_4.apx,timeout,1679.86,memout,timeout,timeout
ipamirextenf,T-1-BA_40_50_2_41_5_1.apx,timeout,1771,timeout,timeout,timeout
ipamirextenf,A-1-ferry2.pfile-L2-C1-08.pddl.1.cnf_86_7_3.apx,timeout,401.432,memout,timeout,timeout
ipamirextenf,Small-result-b59_67_7_1.apx,timeout,1336.82,timeout,timeout,timeout
ipamirextenf,A-1-afinput_exp_acyclic_indvary1_step5_batch_yyy04_26_10_0.apx,timeout,0.033355,0.035158,0.140487,0.115585
ipamirextenf,n100p3q34ve_100_5_0.apx,timeout,1565.6,memout,timeout,timeout
ipamirextenf,B-1-BA_120_20_2_121_10_3.apx,timeout,426.458,timeout,timeout,timeout
ipamirextenf,Small-result-b57_8_20_2.apx,21.8086,0.010376,0.02198,0.013902,0.022405
ipamirextenf,Small-result-b11_14_7_1.apx,44.2324,0.015188,0.022718,0.066391,0.101733
ipamirextenf,Small-result-b97_85_7_4.apx,timeout,memout,timeout,timeout,timeout
ipamirextenf,A-2-BA_180_20_1_181_30_3.apx,timeout,152.51,timeout,timeout,timeout
ipamirbioptsat,dota_50_1.bicnf,timeout,timeout,timeout,timeout,timeout
ipamirbioptsat,connect_10000_4.bicnf,timeout,timeout,timeout,timeout,timeout
ipamirbioptsat,travel-insurance_10000_4.bicnf,732.531,151.296,147.295,324.617,185.599
ipamirbioptsat,twitter_5000_4.bicnf,timeout,timeout,timeout,timeout,timeout
ipamirbioptsat,tictactoe_100_3.bicnf,259.46,44.5579,45.3203,64.1455,72.7323
ipamirbioptsat,weatherAUS.bicnf,memout,memout,memout,memout,memout
ipamirbioptsat,credit_100_1.bicnf,255.635,73.9912,73.0181,125.689,121.908
ipamirbioptsat,adult_10000_3.bicnf,timeout,timeout,timeout,timeout,timeout
ipamirbioptsat,connect_1000_2.bicnf,timeout,timeout,timeout,timeout,timeout
ipamirbioptsat,twitter_50_4.bicnf,103.999,93.7961,117.934,53.3922,58.197
ipamirbioptsat,skin_100_2.bicnf,timeout,timeout,timeout,timeout,timeout
ipamirbioptsat,twitter_10000_4.bicnf,timeout,timeout,timeout,timeout,timeout
ipamirbioptsat,FIFA-2018-Statistics_100_1.bicnf,timeout,timeout,timeout,timeout,timeout
ipamirbioptsat,skin_5000_2.bicnf,timeout,timeout,timeout,timeout,timeout
ipamirbioptsat,dota_5000_1.bicnf,timeout,timeout,timeout,timeout,timeout
ipamirbioptsat,skin_1000_2.bicnf,timeout,timeout,timeout,timeout,timeout
ipamirbioptsat,weatherAUS_5000_4.bicnf,timeout,timeout,timeout,timeout,timeout
ipamirbioptsat,magic_5000_3.bicnf,timeout,timeout,timeout,timeout,timeout
ipamirbioptsat,ionosphere_100_1.bicnf,63.345,9.05715,7.28548,11.3767,10.5585
ipamirbioptsat,pima_100_3.bicnf,34.0606,1.97001,2.0493,4.83543,timeout
ipamirbioptsat,adult_1000_1.bicnf,timeout,timeout,timeout,timeout,timeout
ipamirbioptsat,magic_50_1.bicnf,67.6549,8.35679,7.5144,10.6766,10.1044
ipamirbioptsat,toms_5000_1.bicnf,timeout,timeout,timeout,timeout,timeout
ipamirbioptsat,dota_1000_1.bicnf,timeout,timeout,timeout,timeout,timeout
ipamirbioptsat,mushroom_5000_4.bicnf,2360.89,349.444,157.685,569.106,544.947
ipamirbioptsat,dota_1000_2.bicnf,timeout,timeout,timeout,timeout,timeout
ipamirbioptsat,skin_1000_4.bicnf,timeout,timeout,timeout,timeout,timeout
ipamirbioptsat,weatherAUS_50_2.bicnf,54.2242,8.13006,8.0742,7.49815,7.90684
ipamirbioptsat,mushroom.bicnf,timeout,592.582,347.246,935.316,925.847
ipamirbioptsat,car_1000_2.bicnf,timeout,timeout,timeout,timeout,timeout
ipamirbioptsat,credit_1000_4.bicnf,timeout,timeout,timeout,timeout,timeout
ipamirbioptsat,connect_50_1.bicnf,185.953,25.5387,32.606,68.041,66.4445
ipamirbioptsat,toms_50_3.bicnf,35.3376,25.4826,16.0772,233.533,85.5159
ipamirbioptsat,ionosphere.bicnf,timeout,timeout,timeout,timeout,timeout
ipamirbioptsat,weatherAUS_5000_1.bicnf,timeout,timeout,timeout,timeout,timeout
ipamirbioptsat,connect.bicnf,memout,memout,memout,memout,memout
ipamirbioptsat,credit_10000_3.bicnf,timeout,timeout,timeout,timeout,timeout
ipamirbioptsat,credit_100_3.bicnf,59.1556,3.9309,4.00616,8.96373,10.1196
ipamirbioptsat,mushroom_1000_3.bicnf,299.877,21.4959,17.9337,36.3696,54.4054
ipamirbioptsat,skin_50_1.bicnf,43.7307,1.56068,1.63953,2.29449,4.27378
ipamirbioptsat,twitter_100_3.bicnf,687.933,475.41,948.082,598.831,675.939
ipamirbioptsat,credit_10000_4.bicnf,timeout,timeout,timeout,timeout,timeout
ipamirbioptsat,tictactoe_100_2.bicnf,1989.21,691.099,613.195,803.676,847.833
ipamirbioptsat,travel-insurance_5000_1.bicnf,136.378,23.0314,19.5845,38.7686,39.4745
ipamirbioptsat,medical_kaggle_10000_2.bicnf,timeout,timeout,timeout,timeout,timeout
ipamirbioptsat,toms_50_2.bicnf,37.0197,5.33462,3.77841,4.82878,6.35195
ipamirbioptsat,travel-insurance_10000_3.bicnf,104.876,50.848,64.9523,172.777,101.571
ipamirbioptsat,parkinsons.bicnf,62.8346,1.96372,1.85093,4.66947,5.63162
ipamirbioptsat,magic_10000_2.bicnf,timeout,timeout,timeout,timeout,timeout
ipamirbioptsat,travel-insurance_5000_3.bicnf,139.372,18.0838,20.1412,28.6203,31.137
ipamirbioptsat,fixed-set-card-150-40-5-4.bicnf,timeout,timeout,timeout,timeout,timeout
ipamirbioptsat,fixed-set-card-100-80-10-4.bicnf,timeout,timeout,timeout,timeout,timeout
ipamirbioptsat,fixed-element-prob-150-60-0.2-4.bicnf,2920.92,timeout,1323.93,1074.22,1051.32
ipamirbioptsat,fixed-element-prob-150-40-0.1-1.bicnf,timeout,timeout,timeout,timeout,timeout
ipamirbioptsat,fixed-element-prob-200-40-0.2-3.bicnf,3320.85,timeout,1325.68,1108.77,1193.35
ipamirbioptsat,fixed-element-prob-100-20-0.2-3.bicnf,918.492,735.11,84.3474,95.2423,95.943
ipamirbioptsat,fixed-set-card-100-60-5-3.bicnf,timeout,timeout,timeout,timeout,timeout
ipamirbioptsat,fixed-element-prob-150-80-0.1-2.bicnf,timeout,timeout,timeout,timeout,timeout
ipamirbioptsat,fixed-set-card-200-40-10-1.bicnf,timeout,timeout,timeout,timeout,timeout
ipamirbioptsat,fixed-set-card-200-60-10-3.bicnf,0.014127,timeout,timeout,timeout,timeout
ipamirbioptsat,fixed-set-card-200-40-5-2.bicnf,timeout,timeout,timeout,timeout,timeout
ipamirbioptsat,fixed-set-card-150-80-5-2.bicnf,timeout,timeout,timeout,timeout,timeout
ipamirbioptsat,fixed-set-card-150-80-10-3.bicnf,timeout,timeout,timeout,timeout,timeout
ipamirbioptsat,fixed-element-prob-200-60-0.1-4.bicnf,timeout,timeout,timeout,timeout,timeout
ipamirbioptsat,fixed-set-card-200-20-10-3.bicnf,0.013306,timeout,1404.39,2690.98,2754.16
ipamirbioptsat,fixed-set-card-150-40-10-2.bicnf,timeout,timeout,timeout,timeout,timeout
ipamirbioptsat,fixed-element-prob-100-20-0.2-5.bicnf,464.319,149.689,30.2981,26.7473,33.3651
ipamirbioptsat,fixed-set-card-150-40-5-2.bicnf,timeout,timeout,timeout,timeout,timeout
ipamirbioptsat,fixed-element-prob-200-40-0.2-1.bicnf,2645.09,timeout,1590.16,781.907,754.247
ipamirbioptsat,fixed-set-card-100-60-5-4.bicnf,timeout,timeout,timeout,timeout,timeout
ipamirbioptsat,fixed-set-card-200-80-10-4.bicnf,timeout,timeout,timeout,timeout,timeout
ipamirbioptsat,fixed-element-prob-150-40-0.2-4.bicnf,1446.98,1217.24,283.962,282.576,254.491
ipamirbioptsat,fixed-element-prob-150-40-0.2-5.bicnf,2560.08,timeout,2491.69,782.474,808.467
ipamirbioptsat,fixed-element-prob-200-80-0.1-4.bicnf,timeout,timeout,timeout,timeout,timeout
ipamirbioptsat,fixed-element-prob-100-40-0.1-5.bicnf,1967.54,timeout,1077.73,668.605,751.541
ipamirbioptsat,fixed-set-card-150-20-10-4.bicnf,timeout,timeout,3513.36,3236.19,3335.79
ipamirbioptsat,fixed-element-prob-200-40-0.2-5.bicnf,1986.25,2846.43,897.672,527.326,523.295
ipamirbioptsat,fixed-element-prob-100-80-0.1-2.bicnf,timeout,timeout,timeout,timeout,timeout
ipamirbioptsat,fixed-element-prob-150-40-0.1-4.bicnf,timeout,timeout,timeout,timeout,timeout
ipamirbioptsat,fixed-element-prob-100-40-0.2-1.bicnf,1079.2,2417.77,381.649,286.63,326.903
ipamirbioptsat,fixed-element-prob-150-60-0.1-2.bicnf,timeout,timeout,timeout,timeout,timeout
ipamirbioptsat,fixed-element-prob-100-60-0.1-5.bicnf,timeout,timeout,timeout,timeout,timeout
ipamirbioptsat,fixed-element-prob-100-40-0.1-2.bicnf,timeout,timeout,2892.99,1756.26,1776.52
ipamirbioptsat,fixed-element-prob-200-20-0.2-1.bicnf,511.351,265.491,97.8949,73.8034,79.3059
ipamirbioptsat,fixed-element-prob-150-20-0.2-5.bicnf,891.122,588.684,171.074,76.3304,85.6141
ipamirbioptsat,fixed-element-prob-100-60-0.1-4.bicnf,timeout,timeout,3331.17,timeout,timeout
ipamirbioptsat,fixed-element-prob-200-80-0.2-4.bicnf,timeout,timeout,3086.32,1847.17,1925.53
ipamirbioptsat,fixed-set-card-100-40-10-4.bicnf,2852.18,timeout,669.328,1049.42,1032.28
ipamirbioptsat,fixed-element-prob-100-60-0.2-4.bicnf,2023.76,3588.75,547.184,687.45,691.398
ipamirbioptsat,fixed-element-prob-150-40-0.2-2.bicnf,2078.09,1958.93,411.68,457.371,589.416
ipamirbioptsat,fixed-element-prob-150-60-0.2-3.bicnf,timeout,timeout,2292.13,1954.48,1778.02
ipamirbioptsat,fixed-set-card-200-80-5-3.bicnf,0.019371,timeout,timeout,timeout,timeout
ipamirbioptsat,fixed-set-card-200-20-5-4.bicnf,1518.72,508.838,236.382,334.57,313.242
ipamirbioptsat,fixed-element-prob-200-60-0.2-3.bicnf,timeout,timeout,timeout,timeout,timeout
ipamirbioptsat,fixed-element-prob-200-60-0.1-1.bicnf,timeout,timeout,timeout,timeout,timeout
ipamirbioptsat,fixed-set-card-100-60-5-2.bicnf,timeout,timeout,timeout,timeout,timeout
ipamirbioptsat,fixed-element-prob-100-80-0.2-1.bicnf,3113.85,timeout,1650.63,1672.14,1476.52
ipamirbioptsat,fixed-element-prob-150-80-0.1-4.bicnf,timeout,timeout,timeout,timeout,timeout
ipamirbioptsat,fixed-set-card-150-20-5-5.bicnf,timeout,timeout,timeout,timeout,3481.71
ipamirbioptsat,fixed-set-card-200-60-5-4.bicnf,timeout,timeout,timeout,timeout,timeout
ipamiric3ref,oski15a10b14s.aig,0.900898,0.603196,0.680664,0.83203,0.862095
ipamiric3ref,prodcellp0neg.aig,0.01761,0.017824,0.015529,0.013414,0.009756
ipamiric3ref,oski15a01b76s.aig,4.91205,3.51049,3.54964,4.28907,4.17371
ipamiric3ref,productioncellp0.aig,0.017508,0.014865,0.031495,0.014915,0.016153
ipamiric3ref,6s52.aig,error,error,error,error,error
ipamiric3ref,6s274r.aig,0.04738,0.055622,0.050032,0.077109,0.074952
ipamiric3ref,oski15a01b72s.aig,4.68375,3.51992,3.577,4.24183,4.17535
ipamiric3ref,oski15a14b05s.aig,error,error,error,error,error
ipamiric3ref,6s401rb051.aig,timeout,error,error,timeout,timeout
ipamiric3ref,oc8051gm1edata.aig,0.036574,0.055759,0.034835,0.033768,0.036314
ipamiric3ref,oski15a01b16s.aig,3.2365,2.26037,2.53916,3.06111,2.70607
ipamiric3ref,pdtfifo1to0.aig,0.030984,0.027,0.026765,0.045639,0.028669
ipamiric3ref,6s179.aig,error,error,error,error,error
ipamiric3ref,oski15a08b12s.aig,0.766984,0.75318,0.733355,0.74683,0.781389
ipamiric3ref,oski15a08b17s.aig,0.76112,0.760415,0.728734,0.795711,0.746554
ipamiric3ref,6s177.aig,error,error,error,error,error
ipamiric3ref,6s203b41.aig,timeout,error,error,timeout,error
ipamiric3ref,6s163.aig,timeout,timeout,timeout,timeout,timeout
ipamiric3ref,bj08amba2g4f3.aig,0.026406,0.026807,0.020155,0.047928,0.038579
ipamiric3ref,6s366r.aig,error,error,error,error,error
ipamiric3ref,oc8051gm15addr.aig,0.043039,0.044741,0.0331,0.053211,0.040771
ipamiric3ref,oski15a01b45s.aig,4.39318,3.28697,3.44412,4.20795,4.04678
ipamiric3ref,intel016.aig,error,error,error,error,error
ipamiric3ref,bob12s09.aig,17.4087,1.14778,0.990634,1.42232,7.42577
ipamiric3ref,6s41.aig,error,error,error,error,error
ipamiric3ref,6s316b421.aig,0.256893,0.251548,0.261054,0.277321,0.252973
ipamiric3ref,oski15a01b74s.aig,4.64218,3.60696,3.55902,4.58,4.32676
ipamiric3ref,oski15a14b03s.aig,error,error,error,error,error
ipamiric3ref,bob9234spec5neg.aig,0.017551,0.016709,0.009617,0.022006,0.016154
ipamiric3ref,6s307rb09.aig,error,error,error,error,error
ipamiric3ref,oski15a10b12s.aig,0.8862,0.646664,0.642567,0.865098,0.821621
ipamiric3ref,bob12s10.aig,0.010139,0.015511,0.016895,0.027096,0.012893
ipamiric3ref,boblivea.aig,0.018114,0.021737,0.014246,0.031907,0.00985
ipamiric3ref,beemlann2f1.aig,0.007312,0.018451,0.011297,0.021589,0.014919
ipamiric3ref,6s36.aig,70.0371,0.26037,0.261128,3.21836,7.02033
ipamiric3ref,oski2ub0i.aig,0.155786,0.154787,0.177779,0.19078,0.188184
ipamiric3ref,intel007.aig,0.029081,0.031758,0.035671,0.048867,0.021889
ipamiric3ref,ndista262144.aig,timeout,timeout,timeout,timeout,timeout
ipamiric3ref,6s131.aig,0.036636,0.033215,0.032532,0.055188,0.03036
ipamiric3ref,beempgmprot1f2.aig,0.095783,0.099103,0.086361,0.113313,0.094683
ipamiric3ref,oski15a01b38s.aig,4.65528,3.31948,3.53848,4.22315,4.47578
ipamiric3ref,6s120.aig,error,error,error,error,error
ipamiric3ref,oski15a14b25s.aig,error,1.52939,1.91157,8.31395,16.5758
ipamiric3ref,cmudme2.aig,0.012726,0.013142,0.01391,0.011625,0.01078
ipamiric3ref,beemtlphn4f1.aig,0.015123,0.015737,0.012669,0.034006,0.031727
ipamiric3ref,oski1rub10i.aig,error,error,error,error,error
ipamiric3ref,6s277rb292.aig,0.033464,0.033614,0.046157,0.053959,0.02949
ipamiric3ref,6s341r.aig,error,error,error,error,error
ipamiric3ref,oski15a14b32s.aig,error,error,error,error,error
ipamiric3ref,oski15a08b14s.aig,0.731866,0.726859,0.728445,0.780875,0.795968
ipamiric3ref,bobsmoci.aig,0.022295,0.022963,0.018895,0.043154,0.017184
ipamiric3ref,oc8051gm43acc.aig,error,error,error,error,error
ipamiric3ref,139464p0.aig,11.9104,0.80233,1.52688,1.24951,7.71899
ipamiric3ref,pj2010.aig,error,error,error,error,error
ipamiric3ref,beembrptwo6b1.aig,error,error,error,error,error
ipamiric3ref,nusmvreactorp6.aig,0.015002,0.014427,0.009886,0.012176,0.008922
ipamiric3ref,bob12s08.aig,0.037146,0.042285,0.043473,0.055328,0.057771
ipamiric3ref,6s280r.aig,error,error,error,error,error
ipamiric3ref,neclaftp2002.aig,timeout,error,error,timeout,timeout
ipamiric3ref,6s43.aig,error,error,error,error,error
ipamiric3ref,beemptrsn7f1.aig,0.017505,0.015114,0.010837,0.013517,0.01337
ipamiric3ref,6s399b02.aig,0.070313,0.071484,0.072195,0.069607,0.062833
ipamiric3ref,6s10.aig,error,error,error,error,error
ipamiric3ref,intel013.aig,error,error,error,error,error
ipamiric3ref,6s273b37.aig,error,error,error,error,error
ipamiric3ref,6s407rb296.aig,error,error,error,timeout,error
ipamiric3ref,intel047.aig,0.032519,0.023629,0.029997,0.016052,0.021766
ipamiric3ref,oski15a14b02s.aig,error,error,error,error,error
ipamiric3ref,6s421rb083.aig,error,error,error,error,error
ipamiric3ref,intel026.aig,error,error,error,error,error
ipamiric3ref,6s355rb11080.aig,2.46322,1.93816,1.99074,2.33231,2.63117
ipamiric3ref,oski15a07b0s.aig,0.108669,0.119022,0.113302,0.121942,0.120424
ipamiric3ref,oc8051gm06iram.aig,error,error,error,error,error
ipamiric3ref,6s204b19.aig,0.171271,0.173236,0.181892,0.182828,0.188166
ipamiric3ref,beemrshr4b1.aig,error,error,error,error,error
ipamiric3ref,oski15a08b16s.aig,0.711424,0.746289,0.693109,0.751875,0.798514
ipamiric3ref,beemldfilt3f1.aig,0.011642,0.015221,0.015288,0.017262,0.01677
ipamiric3ref,oski15a14b12s.aig,error,error,error,error,error
ipamiric3ref,oski1rub02i.aig,error,error,error,error,error
ipamiric3ref,neclaftp4001.aig,error,error,error,error,error
ipamiric3ref,6s279r.aig,error,error,error,error,error
ipamiric3ref,6s7.aig,error,error,error,error,error
ipamiric3ref,oc8051gm0caddr.aig,0.030689,0.038463,0.033943,0.031046,0.032075
ipamiric3ref,oski15a01b31s.aig,4.49472,3.37318,3.54988,4.43967,4.41711
ipamiric3ref,pdtvissoap2.aig,0.013638,0.017332,0.02158,0.01639,0.040417
ipamiric3ref,oski15a14b10s.aig,56.0022,12.4543,7.65945,22.6557,42.1702
ipamiric3ref,oski15a01b24s.aig,4.3587,3.32189,3.60945,4.43064,4.37709
ipamiric3ref,eijks1423.aig,0.020933,0.010836,0.008658,0.016834,0.041606
ipamiric3ref,beemandrsn4b1.aig,error,error,error,error,error
ipamiric3ref,oski15a01b34s.aig,4.76809,3.51208,3.66029,4.21512,4.58601
ipamiric3ref,oski2b2i.aig,0.156532,0.149787,0.154195,0.157424,0.162885
ipamiric3ref,6s376r.aig,timeout,error,error,timeout,timeout
ipamiric3ref,oc8051gmadacc.aig,error,error,error,error,error
ipamiric3ref,oski15a01b54s.aig,4.51309,3.3213,3.44525,4.47145,4.46873
ipamiric3ref,beembkry8b1.aig,error,error,error,error,error
ipamiric3ref,oski15a01b25s.aig,4.48617,3.54636,3.60863,4.28781,4.22485
ipamiric3ref,6s350rb46.aig,timeout,error,error,timeout,error
ipamiric3ref,mentorbm1p09.aig,0.042157,0.038725,0.042707,0.039787,0.063369
ipamiric3ref,6s194.aig,error,error,error,error,error
ipamiric3ref,6s325rb072.aig,0.040119,0.027226,0.027096,0.028189,0.048883
ipamirwcnfi,inc_wt_a4_k5_i100_j1000.wcnfi,timeout,505.128,33.5048,126.094,303.876
ipamirwcnfi,inc_wt_a4_k5_i100_j1200.wcnfi,timeout,1629.64,70.4328,230.98,535.224
ipamirwcnfi,inc_wt_a4_k5_i100_j1400.wcnfi,timeout,2901.5,125.79,355.463,880.277
ipamirwcnfi,inc_wt_a4_k5_i100_j1600.wcnfi,timeout,timeout,178.325,533.034,1277.74
ipamirwcnfi,inc_wt_a4_k5_i100_j1800.wcnfi,timeout,timeout,239.615,740.665,1717.4
ipamirwcnfi,inc_wt_a4_k5_i100_j200.wcnfi,314.498,0.517315,0.265475,0.453492,2.89915
ipamirwcnfi,inc_wt_a4_k5_i100_j2000.wcnfi,timeout,timeout,285.034,1030.32,2330.67
ipamirwcnfi,inc_wt_a4_k5_i100_j400.wcnfi,1670.44,0.841782,0.328897,0.609739,5.03342
ipamirwcnfi,inc_wt_a4_k5_i100_j600.wcnfi,3139.32,17.1343,3.96471,13.8481,44.9522
ipamirwcnfi,inc_wt_a4_k5_i100_j800.wcnfi,timeout,195.225,17.8518,69.6587,177.013
ipamirwcnfi,inc_wt_a4_k5_i110_j1000.wcnfi,timeout,585.862,46.1869,162.625,339.091
ipamirwcnfi,inc_wt_a4_k5_i110_j1200.wcnfi,timeout,1655.89,88.3727,268.17,568.981
ipamirwcnfi,inc_wt_a4_k5_i110_j1400.wcnfi,timeout,2948.31,146.526,468.474,1021.39
ipamirwcnfi,inc_wt_a4_k5_i110_j1600.wcnfi,timeout,timeout,207.388,622.488,1500.55
ipamirwcnfi,inc_wt_a4_k5_i110_j1800.wcnfi,timeout,timeout,275.451,1025.28,2116.03
ipamirwcnfi,inc_wt_a4_k5_i110_j200.wcnfi,275.051,0.411012,0.226857,0.306949,2.48529
ipamirwcnfi,inc_wt_a4_k5_i110_j2000.wcnfi,timeout,timeout,333.838,1297.09,2790.2
ipamirwcnfi,inc_wt_a4_k5_i110_j400.wcnfi,1578.53,0.752491,0.336787,0.523623,5.58483
ipamirwcnfi,inc_wt_a4_k5_i110_j600.wcnfi,2966.76,19.0881,5.26564,17.026,51.8586
ipamirwcnfi,inc_wt_a4_k5_i110_j800.wcnfi,timeout,192.083,25.3914,91.5025,197.592
ipamirwcnfi,inc_wt_a4_k5_i120_j1000.wcnfi,timeout,683.639,65.55,209.931,426.203
ipamirwcnfi,inc_wt_a4_k5_i120_j1200.wcnfi,timeout,1837.68,123.141,345.568,746.536
ipamirwcnfi,inc_wt_a4_k5_i120_j1400.wcnfi,timeout,3514.83,184.121,550.396,1212.08
ipamirwcnfi,inc_wt_a4_k5_i120_j1600.wcnfi,timeout,timeout,245.023,798.066,1708.5
ipamirwcnfi,inc_wt_a4_k5_i120_j1800.wcnfi,timeout,timeout,335.393,1209.05,2491.96
ipamirwcnfi,inc_wt_a4_k5_i120_j200.wcnfi,251.646,0.309185,0.134616,0.475605,2.31764
ipamirwcnfi,inc_wt_a4_k5_i120_j2000.wcnfi,timeout,timeout,456.328,1577.27,3204.99
ipamirwcnfi,inc_wt_a4_k5_i120_j400.wcnfi,1585.66,0.678518,0.242175,0.65233,5.08533
ipamirwcnfi,inc_wt_a4_k5_i120_j600.wcnfi,2952.59,25.4418,7.12669,20.9216,54.6966
ipamirwcnfi,inc_wt_a4_k5_i120_j800.wcnfi,timeout,219.059,30.4403,130.136,241.177
ipamirwcnfi,inc_wt_a4_k5_i130_j1000.wcnfi,timeout,694.546,83.0593,280.738,518.018
ipamirwcnfi,inc_wt_a4_k5_i130_j1200.wcnfi,timeout,1734.57,131.857,430.31,868.107
ipamirwcnfi,inc_wt_a4_k5_i130_j1400.wcnfi,timeout,2993.88,270.253,708.629,1358.95
ipamirwcnfi,inc_wt_a4_k5_i130_j1600.wcnfi,timeout,timeout,315.685,1032.76,2040.92
ipamirwcnfi,inc_wt_a4_k5_i130_j1800.wcnfi,timeout,timeout,463.545,1490.12,2824.37
ipamirwcnfi,inc_wt_a4_k5_i130_j200.wcnfi,210.398,0.254194,0.120825,0.279364,2.17064
ipamirwcnfi,inc_wt_a4_k5_i130_j2000.wcnfi,timeout,timeout,519.285,1956.56,timeout
ipamirwcnfi,inc_wt_a4_k5_i130_j400.wcnfi,1446.21,0.618829,0.21753,0.561019,6.57131
ipamirwcnfi,inc_wt_a4_k5_i130_j600.wcnfi,2929.24,22.8293,7.94787,23.7848,65.7038
ipamirwcnfi,inc_wt_a4_k5_i130_j800.wcnfi,timeout,229.207,30.4351,161.31,307.828
ipamirwcnfi,inc_wt_a4_k5_i140_j1000.wcnfi,timeout,770.365,80.1901,338.737,640.052
ipamirwcnfi,inc_wt_a4_k5_i140_j1200.wcnfi,timeout,2340.22,140.21,552.742,1014.04
ipamirwcnfi,inc_wt_a4_k5_i140_j1400.wcnfi,timeout,timeout,223.686,921.413,1739.58
ipamirwcnfi,inc_wt_a4_k5_i140_j1600.wcnfi,timeout,timeout,336.556,1223.34,2457.64
ipamirwcnfi,inc_wt_a4_k5_i140_j1800.wcnfi,timeout,timeout,465.442,1896.06,3285.11
ipamirwcnfi,inc_wt_a4_k5_i140_j200.wcnfi,188.457,0.196789,0.072916,0.372322,1.84235
ipamirwcnfi,inc_wt_a4_k5_i140_j2000.wcnfi,timeout,timeout,588.298,2344.54,timeout
ipamirwcnfi,inc_wt_a4_k5_i140_j400.wcnfi,1419.14,0.608631,0.187005,0.697444,6.40398
ipamirwcnfi,inc_wt_a4_k5_i140_j600.wcnfi,2897.2,25.942,15.8959,26.2188,70.132
ipamirwcnfi,inc_wt_a4_k5_i140_j800.wcnfi,timeout,338.854,46.2112,198.592,389.086
ipamirwcnfi,inc_wt_a4_k5_i150_j1000.wcnfi,timeout,916.34,101.872,487.813,752.536
ipamirwcnfi,inc_wt_a4_k5_i150_j1200.wcnfi,timeout,2030.54,201.813,655.046,1208.84
ipamirwcnfi,inc_wt_a4_k5_i150_j1400.wcnfi,timeout,timeout,317.975,1123.99,2022.19
ipamirwcnfi,inc_wt_a4_k5_i150_j1600.wcnfi,timeout,timeout,510.785,1608.53,2798.23
ipamirwcnfi,inc_wt_a4_k5_i150_j1800.wcnfi,timeout,timeout,556.184,2373.69,timeout
ipamirwcnfi,inc_wt_a4_k5_i150_j200.wcnfi,156.37,0.136458,0.036015,0.271615,1.52503
ipamirwcnfi,inc_wt_a4_k5_i150_j2000.wcnfi,timeout,timeout,688.388,3055.63,timeout
ipamirwcnfi,inc_wt_a4_k5_i150_j400.wcnfi,1378.43,0.557608,0.120381,0.621222,5.23025
ipamirwcnfi,inc_wt_a4_k5_i150_j600.wcnfi,2759.42,31.0969,13.3067,29.6818,73.5463
ipamirwcnfi,inc_wt_a4_k5_i150_j800.wcnfi,timeout,328.424,55.1104,256.581,496.35
ipamirwcnfi,inc_wt_a4_k5_i50_j1000.wcnfi,timeout,385.579,11.009,27.9358,150.028
ipamirwcnfi,inc_wt_a4_k5_i50_j1200.wcnfi,timeout,969.411,24.0867,57.7742,297.024
ipamirwcnfi,inc_wt_a4_k5_i50_j1400.wcnfi,timeout,1980.48,39.7712,92.6683,499.235
ipamirwcnfi,inc_wt_a4_k5_i50_j1600.wcnfi,timeout,3210.26,56.3982,138.343,756.059
ipamirwcnfi,inc_wt_a4_k5_i50_j1800.wcnfi,timeout,timeout,87.4398,193.181,1036.73
ipamirwcnfi,inc_wt_a4_k5_i50_j200.wcnfi,322.102,0.758859,0.098887,0.14759,3.18846
ipamirwcnfi,inc_wt_a4_k5_i50_j2000.wcnfi,timeout,timeout,101.875,270.18,1310.59
ipamirwcnfi,inc_wt_a4_k5_i50_j400.wcnfi,1760.97,1.00495,0.153444,0.191639,7.65498
ipamirwcnfi,inc_wt_a4_k5_i50_j600.wcnfi,3288.45,11.218,1.44483,2.90107,26.5084
ipamirwcnfi,inc_wt_a4_k5_i50_j800.wcnfi,timeout,131.29,5.65326,11.4433,67.6476
ipamirwcnfi,inc_wt_a4_k5_i60_j1000.wcnfi,timeout,432.292,13.3829,40.6658,155.544
ipamirwcnfi,inc_wt_a4_k5_i60_j1200.wcnfi,timeout,1130.01,31.2105,82.5751,303.767
ipamirwcnfi,inc_wt_a4_k5_i60_j1400.wcnfi,timeout,2322.71,52.7541,125.382,521.145
ipamirwcnfi,inc_wt_a4_k5_i60_j1600.wcnfi,timeout,timeout,81.66,203.614,775.367
ipamirwcnfi,inc_wt_a4_k5_i60_j1800.wcnfi,timeout,timeout,111.01,276.211,1132.81
ipamirwcnfi,inc_wt_a4_k5_i60_j200.wcnfi,321.811,0.956121,0.210595,0.212313,2.97255
ipamirwcnfi,inc_wt_a4_k5_i60_j2000.wcnfi,timeout,timeout,140.81,357.945,1415.55
ipamirwcnfi,inc_wt_a4_k5_i60_j400.wcnfi,1738.01,1.16102,0.269037,0.251009,5.03115
ipamirwcnfi,inc_wt_a4_k5_i60_j600.wcnfi,3082.62,11.5326,1.77943,4.46437,23.4834
ipamirwcnfi,inc_wt_a4_k5_i60_j800.wcnfi,timeout,119.026,7.10349,18.2095,78.188
ipamirwcnfi,inc_wt_a4_k5_i70_j1000.wcnfi,timeout,440.228,18.6223,53.4588,184.871
ipamirwcnfi,inc_wt_a4_k5_i70_j1200.wcnfi,timeout,1335.09,43.4162,110.42,354.06
ipamirwcnfi,inc_wt_a4_k5_i70_j1400.wcnfi,timeout,2660.06,81.2998,179.601,556.83
ipamirwcnfi,inc_wt_a4_k5_i70_j1600.wcnfi,timeout,timeout,103.426,255.212,851.685
ipamirwcnfi,inc_wt_a4_k5_i70_j1800.wcnfi,timeout,timeout,144.422,366.695,1223.58
ipamirwcnfi,inc_wt_a4_k5_i70_j200.wcnfi,321.785,0.675253,0.140318,0.279564,2.72494
ipamirwcnfi,inc_wt_a4_k5_i70_j2000.wcnfi,timeout,timeout,189.962,477.187,1562.7
ipamirwcnfi,inc_wt_a4_k5_i70_j400.wcnfi,1757.09,0.954157,0.183788,0.317359,5.24095
ipamirwcnfi,inc_wt_a4_k5_i70_j600.wcnfi,3184.01,14.397,2.55657,6.65448,28.8974
ipamirwcnfi,inc_wt_a4_k5_i70_j800.wcnfi,timeout,125.858,11.5543,27.9803,90.7436
ipamirwcnfi,inc_wt_a4_k5_i80_j1000.wcnfi,timeout,462.181,25.6321,75.2405,220
ipamirwcnfi,inc_wt_a4_k5_i80_j1200.wcnfi,timeout,1262.98,56.9287,138.149,410.307
ipamirwcnfi,inc_wt_a4_k5_i80_j1400.wcnfi,timeout,2641.4,88.8341,218.221,625.699
ipamirwcnfi,inc_wt_a4_k5_i80_j1600.wcnfi,timeout,timeout,122.891,338.107,926.344
ipamirwcnfi,inc_wt_a4_k5_i80_j1800.wcnfi,timeout,timeout,160.94,480.006,1297.62
ipamirwcnfi,inc_wt_a4_k5_i80_j200.wcnfi,308.211,0.612582,0.418136,0.325738,2.70048
ipamirwcnfi,inc_wt_a4_k5_i80_j2000.wcnfi,timeout,timeout,207.74,615.976,1760.81
ipamirwcnfi,inc_wt_a4_k5_i80_j400.wcnfi,1714.3,0.949197,0.463228,0.383956,5.27375
ipamirwcnfi,inc_wt_a4_k5_i80_j600.wcnfi,3055.78,15.0601,3.33261,8.49589,31.4567
ipamirwcnfi,inc_wt_a4_k5_i80_j800.wcnfi,timeout,146.838,13.9385,40.8148,112.966
ipamirwcnfi,inc_wt_a4_k5_i90_j1000.wcnfi,timeout,512.894,30.5435,97.8865,239.014
ipamirwcnfi,inc_wt_a4_k5_i90_j1200.wcnfi,timeout,1341.9,65.4514,179.652,455.207
ipamirwcnfi,inc_wt_a4_k5_i90_j1400.wcnfi,timeout,2773.62,103.298,285.451,738.505
ipamirwcnfi,inc_wt_a4_k5_i90_j1600.wcnfi,timeout,timeout,158.97,396.122,1122.96
ipamirwcnfi,inc_wt_a4_k5_i90_j1800.wcnfi,timeout,timeout,208.053,593.318,1513.88
ipamirwcnfi,inc_wt_a4_k5_i90_j200.wcnfi,325.662,0.637977,0.183396,0.388044,2.99517
ipamirwcnfi,inc_wt_a4_k5_i90_j2000.wcnfi,timeout,timeout,242.797,803.616,2054.15
ipamirwcnfi,inc_wt_a4_k5_i90_j400.wcnfi,1667.13,0.904921,0.243543,0.461215,4.87268
ipamirwcnfi,inc_wt_a4_k5_i90_j600.wcnfi,3116.06,16.7924,5.60242,11.9717,35.7427
ipamirwcnfi,inc_wt_a4_k5_i90_j800.wcnfi,timeout,168.404,16.6324,53.3247,136.018
ipamirsibyltrace,AssemblyHierarchical_genericLinearProblem_depth01.wcnf,26.8203,0.01781,0.013271,0.015384,0.075107
ipamirsibyltrace,AssemblyHierarchical_genericLinearProblem_depth02.wcnf,76.3189,0.080301,0.068428,0.094797,0.354365
ipamirsibyltrace,AssemblyHierarchical_genericLinearProblem_depth03.wcnf,80.927,0.774275,0.386178,0.567411,1.09494
ipamirsibyltrace,AssemblyHierarchical_genericLinearProblem_depth04.wcnf,186.11,11.1989,4.34504,3.33575,3.69412
ipamirsibyltrace,AssemblyHierarchical_genericLinearProblem_depth05.wcnf,116.841,421.342,95.6159,14.1709,33.9227
ipamirsibyltrace,Barman-BDI_pfile01.wcnf,26.8468,0.01736,0.013087,0.013481,0.1103
ipamirsibyltrace,Barman-BDI_pfile05.wcnf,68.4168,0.154224,0.124243,0.11803,0.789086
ipamirsibyltrace,Barman-BDI_pfile10.wcnf,44.9439,0.112939,0.119322,0.095478,0.721082
ipamirsibyltrace,Barman-BDI_pfile15.wcnf,147.139,40.9701,64.7712,45.6366,57.9746
ipamirsibyltrace,Barman-BDI_pfile16.wcnf,168.04,41.9407,18.5005,24.5412,39.6431
ipamirsibyltrace,Blocksworld-GTOHP_p01.wcnf,16.6051,0.014907,0.012827,0.014654,0.042207
ipamirsibyltrace,Blocksworld-GTOHP_p05.wcnf,55.8145,0.035057,0.027752,0.028874,0.120579
ipamirsibyltrace,Blocksworld-GTOHP_p10.wcnf,289.082,4.60411,2.25322,2.2605,36.7347
ipamirsibyltrace,Blocksworld-GTOHP_p15.wcnf,155.278,0.755343,0.387396,0.441973,3.89821
ipamirsibyltrace,Blocksworld-GTOHP_p20.wcnf,142.326,0.596931,0.355335,0.376135,2.9053
ipamirsibyltrace,Blocksworld-GTOHP_p21.wcnf,351.769,4.18473,3.13628,3.20943,19.8803
ipamirsibyltrace,Blocksworld-GTOHP_p23.wcnf,timeout,17.8056,5.88012,9.13666,38.6346
ipamirsibyltrace,Blocksworld-HPDDL_pfile_005.wcnf,204.018,356.915,597.82,725.721,733.961
ipamirsibyltrace,Childsnack_p01.wcnf,12.6036,0.016187,0.016144,0.017647,0.06692
ipamirsibyltrace,Childsnack_p05.wcnf,14.9578,0.027884,0.02299,0.021848,0.091255
ipamirsibyltrace,Childsnack_p10.wcnf,17.0259,0.03367,0.03075,0.025158,0.114799
ipamirsibyltrace,Childsnack_p15.wcnf,18.8754,0.197583,0.045399,0.031631,0.206578
ipamirsibyltrace,Childsnack_p20.wcnf,23.4045,1.90605,0.349123,0.056862,0.404187
ipamirsibyltrace,Childsnack_p21.wcnf,28.1274,0.147985,0.049782,0.075663,0.519524
ipamirsibyltrace,Childsnack_p22.wcnf,34.5733,2.71635,0.185109,0.212095,1.09884
ipamirsibyltrace,Childsnack_p23.wcnf,41.0906,11.4358,1.13027,0.761531,1.89584
ipamirsibyltrace,Childsnack_p24.wcnf,450.807,525.027,44.215,1.10355,4.18373
ipamirsibyltrace,Depots_p01.wcnf,11.2999,0.028812,0.018828,0.015955,0.047488
ipamirsibyltrace,Depots_p05.wcnf,67.0308,0.216621,0.169971,0.169502,1.04492
ipamirsibyltrace,Depots_p10.wcnf,34.5193,0.025618,0.019899,0.020922,0.109633
ipamirsibyltrace,Depots_p15.wcnf,73.4237,0.474925,0.36371,0.360348,2.48706
ipamirsibyltrace,Depots_p20.wcnf,82.6106,0.451456,0.327202,0.334538,2.44523
ipamirsibyltrace,Depots_p21.wcnf,98.5417,0.380386,0.257039,0.273543,2.65845
ipamirsibyltrace,Depots_p22.wcnf,109.815,0.612451,0.430306,0.444007,4.71961
ipamirsibyltrace,Depots_p23.wcnf,369.21,10.1414,9.34938,9.56343,54.0509
ipamirsibyltrace,Depots_p24.wcnf,timeout,36.9436,31.8311,23.1551,51.3555
ipamirsibyltrace,Elevator-Learned-ECAI-16_s01-0.wcnf,22.4231,0.011866,0.025991,0.016932,0.05581
ipamirsibyltrace,Elevator-Learned-ECAI-16_s10-0.wcnf,28.6874,0.415915,0.385428,0.425523,3.0009
ipamirsibyltrace,Elevator-Learned-ECAI-16_s15-0.wcnf,41.7089,1.72674,1.49644,1.76409,10.0252
ipamirsibyltrace,Elevator-Learned-ECAI-16_s20-0.wcnf,50.4852,5.9726,5.73236,6.77506,13.2424
ipamirsibyltrace,Elevator-Learned-ECAI-16_s25-0.wcnf,53.139,3.9801,3.32407,3.73512,9.76766
ipamirsibyltrace,Elevator-Learned-ECAI-16_s30-3.wcnf,76.2786,5.68527,4.45928,5.55961,16.1275
ipamirsibyltrace,Elevator-Learned-ECAI-16_s30-4.wcnf,33.7792,5.6345,4.46572,6.05912,18.1582
ipamirsibyltrace,Entertainment_pfile01.wcnf,28.1269,0.976637,1.02319,2.05397,2.62231
ipamirsibyltrace,Entertainment_pfile02.wcnf,9.84534,0.123107,0.112686,0.12987,0.373858
ipamirsibyltrace,Entertainment_pfile03.wcnf,24.9477,1.94184,1.47235,3.16951,5.38128
ipamirsibyltrace,Entertainment_pfile04.wcnf,12.2274,0.81259,0.700813,1.17578,2.31763
ipamirsibyltrace,Entertainment_pfile05.wcnf,16.8031,1.56709,1.48537,2.35999,5.52152
ipamirsibyltrace,Factories-simple_pfile01.wcnf,27.0556,0.013546,0.014582,0.013384,0.066771
ipamirsibyltrace,Factories-simple_pfile02.wcnf,47.8545,0.060226,0.043701,0.051258,0.661375
ipamirsibyltrace,Factories-simple_pfile03.wcnf,64.0884,0.066525,0.047466,0.054106,0.777527
ipamirsibyltrace,Factories-simple_pfile04.wcnf,61.9209,1.56794,0.634251,0.705232,3.49519
ipamirsibyltrace,Factories-simple_pfile05.wcnf,185.021,40.3418,26.7578,22.7981,41.8946
ipamirsibyltrace,Factories-simple_pfile06.wcnf,timeout,911.403,473.16,417.126,359.368
ipamirsibyltrace,Hiking_p01.wcnf,41.7666,0.073512,0.063041,0.05242,0.242834
ipamirsibyltrace,Hiking_p02.wcnf,80.276,0.506894,0.556307,0.498371,1.68571
ipamirsibyltrace,Hiking_p03.wcnf,134.533,3.75044,3.90144,4.29281,9.47287
ipamirsibyltrace,Hiking_p04.wcnf,191.585,30.3451,16.3306,29.0052,49.1619
ipamirsibyltrace,Hiking_p05.wcnf,256.195,157.202,110.553,208.096,205.595
ipamirsibyltrace,Lamps_pfile05.wcnf,11.4516,0.073529,0.061162,0.111076,0.252755
ipamirsibyltrace,Lamps_pfile10.wcnf,122.94,1.90162,1.72931,2.63661,3.70477
ipamirsibyltrace,Lamps_pfile11.wcnf,51.271,0.028682,0.027626,0.03521,0.217768
ipamirsibyltrace,Lamps_pfile12.wcnf,97.8529,0.716256,0.467243,0.917479,1.44583
ipamirsibyltrace,Logistics-Learned-ECAI-16_probLOGISTICS-04-0.wcnf,101.83,0.734032,0.628437,0.616269,4.01196
ipamirsibyltrace,Logistics-Learned-ECAI-16_probLOGISTICS-10-0.wcnf,9.19168,6.85773,5.63675,5.24397,10.3132
ipamirsibyltrace,Logistics-Learned-ECAI-16_probLOGISTICS-20-0.wcnf,timeout,90.5438,91.2531,54.856,82.505
ipamirsibyltrace,Logistics-Learned-ECAI-16_probLOGISTICS-25-0.wcnf,timeout,257.321,279.6,207.185,226.524
ipamirsibyltrace,Logistics-Learned-ECAI-16_probLOGISTICS-30-0.wcnf,timeout,698.875,550.635,361.964,439.816
ipamirsibyltrace,Logistics-Learned-ECAI-16_probLOGISTICS-32-1.wcnf,36.091,timeout,1195.2,692.454,699.285
ipamirsibyltrace,Minecraft-Regular_p-003-003-003-003.wcnf,11.4607,0.071112,0.069215,0.082048,0.24263
ipamirsibyltrace,Minecraft-Regular_p-005-005-005-005.wcnf,32.0707,10.5385,7.2979,8.37174,13.2383
ipamirsibyltrace,Minecraft-Regular_p-006-006-006-006.wcnf,55.5344,121.66,102.46,108.864,112.38
ipamirsibyltrace,Minecraft-Regular_p-006-007-006-007.wcnf,timeout,620.858,361.689,363.137,366.486
ipamirsibyltrace,Minecraft-Regular_p-006-007-007-007.wcnf,83.2982,831.139,523.127,504.459,518.434
ipamirsibyltrace,Robot_pfile_03_001.wcnf,17.7194,0.011256,0.013346,0.009949,0.070128
ipamirsibyltrace,Robot_pfile_04_003.wcnf,24.4965,0.031213,0.025938,0.044885,0.166613
ipamirsibyltrace,Robot_pfile_04_005.wcnf,5.52111,0.653813,0.43321,0.384603,1.27866
ipamirsibyltrace,Robot_pfile_05_005.wcnf,33.2138,1.51922,1.28328,0.920026,2.4927
ipamirsibyltrace,Robot_pfile_05_010.wcnf,7.10792,11.0371,11.5497,8.10752,14.7174
ipamirsibyltrace,Rover-GTOHP_p01.wcnf,11.5091,0.009841,0.011261,0.009909,0.026618
ipamirsibyltrace,Rover-GTOHP_p05.wcnf,27.4213,0.039537,0.036171,0.041582,0.255687
ipamirsibyltrace,Rover-GTOHP_p10.wcnf,138.651,3.18884,2.71515,4.58582,13.4731
ipamirsibyltrace,Rover-GTOHP_p15.wcnf,147.872,7.06206,7.27845,13.4099,20.6061
ipamirsibyltrace,Rover-GTOHP_p18.wcnf,375.005,71.167,125.221,178.24,182.284
ipamirsibyltrace,Rover-GTOHP_p19.wcnf,334.942,168.854,244.031,515.08,471.85
ipamirsibyltrace,Satellite-GTOHP_p01.wcnf,26.3687,0.011821,0.010388,0.011511,0.047249
ipamirsibyltrace,Satellite-GTOHP_p05.wcnf,58.1224,0.436169,0.338948,0.272277,2.85276
ipamirsibyltrace,Satellite-GTOHP_p10.wcnf,203.158,8.62701,8.44867,6.17939,11.1656
ipamirsibyltrace,Satellite-GTOHP_p13.wcnf,669.357,240.069,221.891,104.449,145.447
ipamirsibyltrace,Satellite-GTOHP_p14.wcnf,timeout,340.712,332.932,194.111,173.967
ipamirsibyltrace,Snake_pb01.snake.wcnf,26.5242,0.023609,0.019006,0.037679,0.073135
ipamirsibyltrace,Snake_pb05.snake.wcnf,63.3102,0.054312,0.046118,0.05392,0.617416
ipamirsibyltrace,Snake_pb10.snake.wcnf,61.8884,0.171305,0.108689,0.201878,1.8405
ipamirsibyltrace,Snake_pb16.snake.wcnf,196.991,0.790786,0.453733,0.690997,12.3773
ipamirsibyltrace,Snake_pb17.snake.wcnf,110.775,0.158376,0.134585,0.159928,1.17551
ipamirsibyltrace,Snake_pb18.snake.wcnf,263.54,1.59004,1.28268,1.46802,18.8805
ipamirsibyltrace,Snake_pb19.snake.wcnf,109.98,0.137752,0.096411,0.130102,1.44406
ipamirsibyltrace,Snake_pb20.snake.wcnf,158.431,0.692905,0.464543,0.646103,8.57438
ipamirsibyltrace,Towers_pfile_01.wcnf,9.93969,0.007978,0.009588,0.010958,0.020384
ipamirsibyltrace,Towers_pfile_05.wcnf,13.5002,0.070771,0.034841,0.036966,0.317803
ipamirsibyltrace,Towers_pfile_06.wcnf,13.094,0.33013,0.086579,0.135413,1.4762
ipamirsibyltrace,Towers_pfile_07.wcnf,13.631,1.61298,0.320723,0.499352,7.70473
ipamirsibyltrace,Towers_pfile_08.wcnf,13.6698,9.37697,1.59183,2.89152,45.7461
ipamirsibyltrace,Transport_pfile10.wcnf,25.7644,0.014908,0.011928,0.012448,0.053627
ipamirsibyltrace,Transport_pfile15.wcnf,32.5108,0.027285,0.028778,0.024215,0.141262
ipamirsibyltrace,Transport_pfile20.wcnf,62.6936,0.086051,0.058014,0.072304,0.685791
ipamirsibyltrace,Transport_pfile25.wcnf,66.9268,0.525636,0.527055,0.522771,2.1512
ipamirsibyltrace,Transport_pfile26.wcnf,169.507,26.2919,10.8994,18.6917,20.0713
ipamirsibyltrace,Transport_pfile27.wcnf,55.2889,0.566529,0.346746,1.82526,1.75239
ipamirsibyltrace,Transport_pfile28.wcnf,222.959,43.1519,37.3086,31.0454,32.8095
ipamirsibyltrace,Transport_pfile29.wcnf,196.013,4.4264,4.23033,6.9784,15.716
ipamirsibyltrace,Transport_pfile30.wcnf,207.436,31.8809,26.0097,55.244,62.5676
ipamirsibyltrace,Woodworking_12.wcnf,9.30123,0.015256,0.013427,0.014093,0.05585
ipamirsibyltrace,Woodworking_25.wcnf,38.3594,1.0353,0.950472,0.993152,4.51468
ipamirsibyltrace,Woodworking_26.wcnf,45.0089,1.30485,1.29264,1.12955,5.49727
ipamirsibyltrace,Woodworking_27.wcnf,47.0611,1.79256,1.54228,1.5143,6.38184
ipamirsibyltrace,Woodworking_28.wcnf,52.2698,2.09001,2.04827,2.38562,6.70234
ipamirsibyltrace,Woodworking_29.wcnf,62.3972,2.48188,2.34524,2.3505,7.9742
ipamirsibyltrace,Woodworking_30.wcnf,103.903,2.19244,2.0185,2.77209,9.12092
